{"cameraMode":{"drawMode":0,"name":"Shaded","section":"Shading Mode"},"sceneLighting":true,"audioPlay":false,"sceneViewState":{"m_AlwaysRefresh":false,"showFog":true,"showSkybox":true,"showFlares":true,"showImageEffects":true,"showParticleSystems":true,"showVisualEffectGraphs":true,"m_FxEnabled":true},"in2DMode":false,"pivot":{"x":20.506956100463868,"y":15.587309837341309,"z":6.404356956481934},"rotation":{"x":0.21335896849632264,"y":0.22341912984848023,"z":-0.04207170009613037,"w":0.9518460631370544},"size":0.8660253882408142,"orthographic":false}