{"cameraMode":{"drawMode":0,"name":"Shaded","section":"Shading Mode"},"sceneLighting":true,"audioPlay":false,"sceneViewState":{"m_AlwaysRefresh":false,"showFog":true,"showSkybox":true,"showFlares":true,"showImageEffects":true,"showParticleSystems":true,"showVisualEffectGraphs":true,"m_FxEnabled":true},"in2DMode":false,"pivot":{"x":5.033539295196533,"y":1.6953321695327759,"z":6.917229175567627},"rotation":{"x":0.003333195112645626,"y":0.9911435842514038,"z":-0.07725044339895249,"w":-0.12249170988798142},"size":0.8660253882408142,"orthographic":false}