{"cameraMode":{"drawMode":0,"name":"Shaded","section":"Shading Mode"},"sceneLighting":true,"audioPlay":false,"sceneViewState":{"m_AlwaysRefresh":false,"showFog":true,"showSkybox":true,"showFlares":true,"showImageEffects":true,"showParticleSystems":true,"showVisualEffectGraphs":true,"m_FxEnabled":true},"in2DMode":false,"pivot":{"x":0.5909256339073181,"y":1.1450389623641968,"z":6.786157608032227},"rotation":{"x":0.00883649755269289,"y":-0.9549099802970886,"z":0.053594160825014117,"w":0.29774707555770876},"size":0.8660253882408142,"orthographic":false}