{"cameraMode":{"drawMode":0,"name":"Shaded","section":"Shading Mode"},"sceneLighting":true,"audioPlay":false,"sceneViewState":{"m_AlwaysRefresh":false,"showFog":true,"showSkybox":true,"showFlares":true,"showImageEffects":true,"showParticleSystems":true,"showVisualEffectGraphs":true,"m_FxEnabled":true},"in2DMode":false,"pivot":{"x":19.02758026123047,"y":17.872312545776368,"z":-42.145179748535159},"rotation":{"x":0.056239597499370578,"y":-0.34292829036712649,"z":0.03336646780371666,"w":0.938845694065094},"size":0.8660253882408142,"orthographic":false}